frame,time_s,object_id,reference_id,x_relative,y_relative,depth_difference_raw,status,role
0,0.0,phone,phone,0.0,0.0,0.0,RELATIVE_UNVALIDATED_IDENTITY,moving_measured
0,0.0,water-bottle,phone,,,,REFERENCE_OR_OBJECT_GAP,moving_measured
0,0.0,moisturizer,phone,0.08153378931354116,0.0624982557416498,0.9988136291503906,RELATIVE_UNVALIDATED_IDENTITY,moving_measured
1,0.06666666666666667,phone,phone,0.0,0.0,0.0,RELATIVE_UNVALIDATED_IDENTITY,moving_measured
1,0.06666666666666667,water-bottle,phone,,,,REFERENCE_OR_OBJECT_GAP,moving_measured
1,0.06666666666666667,moisturizer,phone,0.08036806848510125,0.061829412608492174,0.9892668724060059,RELATIVE_UNVALIDATED_IDENTITY,moving_measured
2,0.13333333333333333,phone,phone,0.0,0.0,0.0,RELATIVE_UNVALIDATED_IDENTITY,moving_measured
2,0.13333333333333333,water-bottle,phone,,,,REFERENCE_OR_OBJECT_GAP,moving_measured
2,0.13333333333333333,moisturizer,phone,0.07950427990183984,0.06120466294329385,0.9912080764770508,RELATIVE_UNVALIDATED_IDENTITY,moving_measured
3,0.2,phone,phone,0.0,0.0,0.0,RELATIVE_UNVALIDATED_IDENTITY,moving_measured
3,0.2,water-bottle,phone,,,,REFERENCE_OR_OBJECT_GAP,moving_measured
3,0.2,moisturizer,phone,0.07872711522554332,0.06047002585606942,0.9784703254699707,RELATIVE_UNVALIDATED_IDENTITY,moving_measured
4,0.26666666666666666,phone,phone,0.0,0.0,0.0,RELATIVE_UNVALIDATED_IDENTITY,moving_measured
4,0.26666666666666666,water-bottle,phone,,,,REFERENCE_OR_OBJECT_GAP,moving_measured
4,0.26666666666666666,moisturizer,phone,0.07928233497112913,0.06080008383998403,0.9763245582580566,RELATIVE_UNVALIDATED_IDENTITY,moving_measured
5,0.3333333333333333,phone,phone,0.0,0.0,0.0,RELATIVE_UNVALIDATED_IDENTITY,moving_measured
5,0.3333333333333333,water-bottle,phone,,,,REFERENCE_OR_OBJECT_GAP,moving_measured
5,0.3333333333333333,moisturizer,phone,0.07951296861010859,0.06104687525244934,0.9791536331176758,RELATIVE_UNVALIDATED_IDENTITY,moving_measured
6,0.4,phone,phone,0.0,0.0,0.0,RELATIVE_UNVALIDATED_IDENTITY,moving_measured
6,0.4,water-bottle,phone,,,,REFERENCE_OR_OBJECT_GAP,moving_measured
6,0.4,moisturizer,phone,0.08030720033965155,0.0613406371059696,0.9636197090148926,RELATIVE_UNVALIDATED_IDENTITY,moving_measured
7,0.4666666666666667,phone,phone,0.0,0.0,0.0,RELATIVE_UNVALIDATED_IDENTITY,moving_measured
7,0.4666666666666667,water-bottle,phone,,,,REFERENCE_OR_OBJECT_GAP,moving_measured
7,0.4666666666666667,moisturizer,phone,0.08071386736148045,0.061087196142682876,0.9594287872314453,RELATIVE_UNVALIDATED_IDENTITY,moving_measured
8,0.5333333333333333,phone,phone,0.0,0.0,0.0,RELATIVE_UNVALIDATED_IDENTITY,moving_measured
8,0.5333333333333333,water-bottle,phone,,,,REFERENCE_OR_OBJECT_GAP,moving_measured
8,0.5333333333333333,moisturizer,phone,0.08147636680692005,0.0615034854145603,0.9549927711486816,RELATIVE_UNVALIDATED_IDENTITY,moving_measured
9,0.6,phone,phone,0.0,0.0,0.0,RELATIVE_UNVALIDATED_IDENTITY,moving_measured
9,0.6,water-bottle,phone,,,,REFERENCE_OR_OBJECT_GAP,moving_measured
9,0.6,moisturizer,phone,0.08183362100530378,0.062174645053950206,0.9659523963928223,RELATIVE_UNVALIDATED_IDENTITY,moving_measured
10,0.6666666666666666,phone,phone,0.0,0.0,0.0,RELATIVE_UNVALIDATED_IDENTITY,moving_measured
10,0.6666666666666666,water-bottle,phone,,,,REFERENCE_OR_OBJECT_GAP,moving_measured
10,0.6666666666666666,moisturizer,phone,0.08184776427136953,0.06287810416766382,0.9861564636230469,RELATIVE_UNVALIDATED_IDENTITY,moving_measured
11,0.7333333333333333,phone,phone,0.0,0.0,0.0,RELATIVE_UNVALIDATED_IDENTITY,moving_measured
11,0.7333333333333333,water-bottle,phone,,,,REFERENCE_OR_OBJECT_GAP,moving_measured
11,0.7333333333333333,moisturizer,phone,0.08164175981387534,0.06286358560355843,1.0049805641174316,RELATIVE_UNVALIDATED_IDENTITY,moving_measured
12,0.8,phone,phone,0.0,0.0,0.0,RELATIVE_UNVALIDATED_IDENTITY,moving_measured
12,0.8,water-bottle,phone,,,,REFERENCE_OR_OBJECT_GAP,moving_measured
12,0.8,moisturizer,phone,0.08213273468354987,0.06276477511130829,1.003171443939209,RELATIVE_UNVALIDATED_IDENTITY,moving_measured
13,0.8666666666666667,phone,phone,0.0,0.0,0.0,RELATIVE_UNVALIDATED_IDENTITY,moving_measured
13,0.8666666666666667,water-bottle,phone,,,,REFERENCE_OR_OBJECT_GAP,moving_measured
13,0.8666666666666667,moisturizer,phone,0.0818907351862238,0.06220610739846011,1.0106496810913086,RELATIVE_UNVALIDATED_IDENTITY,moving_measured
14,0.9333333333333333,phone,phone,0.0,0.0,0.0,RELATIVE_UNVALIDATED_IDENTITY,moving_measured
14,0.9333333333333333,water-bottle,phone,,,,REFERENCE_OR_OBJECT_GAP,moving_measured
14,0.9333333333333333,moisturizer,phone,0.0803840805343925,0.061482710077981007,1.0332107543945312,RELATIVE_UNVALIDATED_IDENTITY,moving_measured
15,1.0,phone,phone,0.0,0.0,0.0,RELATIVE_UNVALIDATED_IDENTITY,moving_measured
15,1.0,water-bottle,phone,,,,REFERENCE_OR_OBJECT_GAP,moving_measured
15,1.0,moisturizer,phone,0.07826733041232659,0.06049078673509056,1.0428032875061035,RELATIVE_UNVALIDATED_IDENTITY,moving_measured
16,1.0666666666666667,phone,phone,0.0,0.0,0.0,RELATIVE_UNVALIDATED_IDENTITY,moving_measured
16,1.0666666666666667,water-bottle,phone,,,,REFERENCE_OR_OBJECT_GAP,moving_measured
16,1.0666666666666667,moisturizer,phone,0.07758953960849657,0.060342561730509,1.0584163665771484,RELATIVE_UNVALIDATED_IDENTITY,moving_measured
17,1.1333333333333333,phone,phone,0.0,0.0,0.0,RELATIVE_UNVALIDATED_IDENTITY,moving_measured
17,1.1333333333333333,water-bottle,phone,,,,REFERENCE_OR_OBJECT_GAP,moving_measured
17,1.1333333333333333,moisturizer,phone,0.07803575181757338,0.06050790282166019,1.0842375755310059,RELATIVE_UNVALIDATED_IDENTITY,moving_measured
18,1.2,phone,phone,0.0,0.0,0.0,RELATIVE_UNVALIDATED_IDENTITY,moving_measured
18,1.2,water-bottle,phone,,,,REFERENCE_OR_OBJECT_GAP,moving_measured
18,1.2,moisturizer,phone,0.07874531079436375,0.06049885495908036,1.0903096199035645,RELATIVE_UNVALIDATED_IDENTITY,moving_measured
19,1.2666666666666666,phone,phone,0.0,0.0,0.0,RELATIVE_UNVALIDATED_IDENTITY,moving_measured
19,1.2666666666666666,water-bottle,phone,,,,REFERENCE_OR_OBJECT_GAP,moving_measured
19,1.2666666666666666,moisturizer,phone,0.07941307152578225,0.06098506357211386,1.0969014167785645,RELATIVE_UNVALIDATED_IDENTITY,moving_measured
20,1.3333333333333333,phone,phone,0.0,0.0,0.0,RELATIVE_UNVALIDATED_IDENTITY,moving_measured
20,1.3333333333333333,water-bottle,phone,,,,REFERENCE_OR_OBJECT_GAP,moving_measured
20,1.3333333333333333,moisturizer,phone,0.07847992302412465,0.061000151330338204,1.108264446258545,RELATIVE_UNVALIDATED_IDENTITY,moving_measured
21,1.4,phone,phone,0.0,0.0,0.0,RELATIVE_UNVALIDATED_IDENTITY,moving_measured
21,1.4,water-bottle,phone,,,,REFERENCE_OR_OBJECT_GAP,moving_measured
21,1.4,moisturizer,phone,0.07916336797546342,0.061595846437118684,1.1229944229125977,RELATIVE_UNVALIDATED_IDENTITY,moving_measured
22,1.4666666666666666,phone,phone,0.0,0.0,0.0,RELATIVE_UNVALIDATED_IDENTITY,moving_measured
22,1.4666666666666666,water-bottle,phone,,,,REFERENCE_OR_OBJECT_GAP,moving_measured
22,1.4666666666666666,moisturizer,phone,0.07952486440090656,0.06126599921422915,1.146986961364746,RELATIVE_UNVALIDATED_IDENTITY,moving_measured
23,1.5333333333333334,phone,phone,0.0,0.0,0.0,RELATIVE_UNVALIDATED_IDENTITY,moving_measured
23,1.5333333333333334,water-bottle,phone,,,,REFERENCE_OR_OBJECT_GAP,moving_measured
23,1.5333333333333334,moisturizer,phone,0.0822791911683407,0.06192024918897132,1.1856393814086914,RELATIVE_UNVALIDATED_IDENTITY,moving_measured
24,1.6,phone,phone,0.0,0.0,0.0,RELATIVE_UNVALIDATED_IDENTITY,moving_measured
24,1.6,water-bottle,phone,,,,REFERENCE_OR_OBJECT_GAP,moving_measured
24,1.6,moisturizer,phone,0.08286228760071368,0.06198839939753498,1.2013068199157715,RELATIVE_UNVALIDATED_IDENTITY,moving_measured
25,1.6666666666666667,phone,phone,0.0,0.0,0.0,RELATIVE_UNVALIDATED_IDENTITY,moving_measured
25,1.6666666666666667,water-bottle,phone,,,,REFERENCE_OR_OBJECT_GAP,moving_measured
25,1.6666666666666667,moisturizer,phone,0.0835869108787487,0.0625856492636393,1.1962532997131348,RELATIVE_UNVALIDATED_IDENTITY,moving_measured
26,1.7333333333333334,phone,phone,0.0,0.0,0.0,RELATIVE_UNVALIDATED_IDENTITY,moving_measured
26,1.7333333333333334,water-bottle,phone,,,,REFERENCE_OR_OBJECT_GAP,moving_measured
26,1.7333333333333334,moisturizer,phone,0.08040469547344775,0.06181894927684084,1.150629997253418,RELATIVE_UNVALIDATED_IDENTITY,moving_measured
27,1.8,phone,phone,0.0,0.0,0.0,RELATIVE_UNVALIDATED_IDENTITY,moving_measured
27,1.8,water-bottle,phone,,,,REFERENCE_OR_OBJECT_GAP,moving_measured
27,1.8,moisturizer,phone,0.07847160756304827,0.06178620794338652,1.1448993682861328,RELATIVE_UNVALIDATED_IDENTITY,moving_measured
28,1.8666666666666667,phone,phone,0.0,0.0,0.0,RELATIVE_UNVALIDATED_IDENTITY,moving_measured
28,1.8666666666666667,water-bottle,phone,,,,REFERENCE_OR_OBJECT_GAP,moving_measured
28,1.8666666666666667,moisturizer,phone,0.07807158418374072,0.06196020701993388,1.0819807052612305,RELATIVE_UNVALIDATED_IDENTITY,moving_measured
29,1.9333333333333333,phone,phone,0.0,0.0,0.0,RELATIVE_UNVALIDATED_IDENTITY,moving_measured
29,1.9333333333333333,water-bottle,phone,,,,REFERENCE_OR_OBJECT_GAP,moving_measured
29,1.9333333333333333,moisturizer,phone,0.08045972222534425,0.06253853247775998,1.0711493492126465,RELATIVE_UNVALIDATED_IDENTITY,moving_measured
30,2.0,phone,phone,0.0,0.0,0.0,RELATIVE_UNVALIDATED_IDENTITY,moving_measured
30,2.0,water-bottle,phone,-0.5139707911000483,-0.26151509529329336,5.9412841796875,RELATIVE_UNVALIDATED_IDENTITY,moving_measured
30,2.0,moisturizer,phone,0.07939202551410274,0.06031066699840426,1.0715274810791016,RELATIVE_UNVALIDATED_IDENTITY,moving_measured
31,2.066666666666667,phone,phone,0.0,0.0,0.0,RELATIVE_UNVALIDATED_IDENTITY,moving_measured
31,2.066666666666667,water-bottle,phone,-0.5068713313967311,-0.2571765306138109,6.157641887664795,RELATIVE_UNVALIDATED_IDENTITY,moving_measured
31,2.066666666666667,moisturizer,phone,0.07667843179560319,0.05753002632060178,1.0337023735046387,RELATIVE_UNVALIDATED_IDENTITY,moving_measured
32,2.1333333333333333,phone,phone,0.0,0.0,0.0,RELATIVE_UNVALIDATED_IDENTITY,moving_measured
32,2.1333333333333333,water-bottle,phone,-0.49810119158880695,-0.24709932851391825,5.875308990478516,RELATIVE_UNVALIDATED_IDENTITY,moving_measured
32,2.1333333333333333,moisturizer,phone,0.07414434258382963,0.05513401861099709,1.0120925903320312,RELATIVE_UNVALIDATED_IDENTITY,moving_measured
33,2.2,phone,phone,0.0,0.0,0.0,RELATIVE_UNVALIDATED_IDENTITY,moving_measured
33,2.2,water-bottle,phone,-0.48411742190732027,-0.238435499432898,6.0140180587768555,RELATIVE_UNVALIDATED_IDENTITY,moving_measured
33,2.2,moisturizer,phone,0.07603228553264585,0.056422285913029,1.0067310333251953,RELATIVE_UNVALIDATED_IDENTITY,moving_measured
34,2.2666666666666666,phone,phone,0.0,0.0,0.0,RELATIVE_UNVALIDATED_IDENTITY,moving_measured
34,2.2666666666666666,water-bottle,phone,-0.4705991081940485,-0.22893519391670364,5.868855953216553,RELATIVE_UNVALIDATED_IDENTITY,moving_measured
34,2.2666666666666666,moisturizer,phone,0.07825203104164069,0.057912531508729215,1.02117919921875,RELATIVE_UNVALIDATED_IDENTITY,moving_measured
35,2.3333333333333335,phone,phone,0.0,0.0,0.0,RELATIVE_UNVALIDATED_IDENTITY,moving_measured
35,2.3333333333333335,water-bottle,phone,-0.4577235675099929,-0.21875189402857909,6.046996593475342,RELATIVE_UNVALIDATED_IDENTITY,moving_measured
35,2.3333333333333335,moisturizer,phone,0.08042796283811993,0.05970406351226354,1.003990650177002,RELATIVE_UNVALIDATED_IDENTITY,moving_measured
36,2.4,phone,phone,0.0,0.0,0.0,RELATIVE_UNVALIDATED_IDENTITY,moving_measured
36,2.4,water-bottle,phone,-0.4465887547099698,-0.2072958887600272,6.114150047302246,RELATIVE_UNVALIDATED_IDENTITY,moving_measured
36,2.4,moisturizer,phone,0.08062907656278151,0.059579764609656305,0.9974870681762695,RELATIVE_UNVALIDATED_IDENTITY,moving_measured
37,2.466666666666667,phone,phone,0.0,0.0,0.0,RELATIVE_UNVALIDATED_IDENTITY,moving_measured
37,2.466666666666667,water-bottle,phone,-0.4335689304062347,-0.19340372734363342,5.988898754119873,RELATIVE_UNVALIDATED_IDENTITY,moving_measured
37,2.466666666666667,moisturizer,phone,0.08111653495771731,0.05944791243944192,0.9886507987976074,RELATIVE_UNVALIDATED_IDENTITY,moving_measured
38,2.533333333333333,phone,phone,0.0,0.0,0.0,RELATIVE_UNVALIDATED_IDENTITY,moving_measured
38,2.533333333333333,water-bottle,phone,-0.4212431472698291,-0.17890899418635142,5.160562992095947,RELATIVE_UNVALIDATED_IDENTITY,moving_measured
38,2.533333333333333,moisturizer,phone,0.08165367859645656,0.05968939450991584,0.9839553833007812,RELATIVE_UNVALIDATED_IDENTITY,moving_measured
39,2.6,phone,phone,0.0,0.0,0.0,RELATIVE_UNVALIDATED_IDENTITY,moving_measured
39,2.6,water-bottle,phone,-0.40949804773382903,-0.16449790690091587,4.932183742523193,RELATIVE_UNVALIDATED_IDENTITY,moving_measured
39,2.6,moisturizer,phone,0.08160862321310469,0.060911274180217245,1.0172905921936035,RELATIVE_UNVALIDATED_IDENTITY,moving_measured
40,2.6666666666666665,phone,phone,0.0,0.0,0.0,RELATIVE_UNVALIDATED_IDENTITY,moving_measured
40,2.6666666666666665,water-bottle,phone,-0.40135021115847047,-0.15130876098302937,4.748025417327881,RELATIVE_UNVALIDATED_IDENTITY,moving_measured
40,2.6666666666666665,moisturizer,phone,0.08121104972160231,0.06202613130203727,1.0073180198669434,RELATIVE_UNVALIDATED_IDENTITY,moving_measured
41,2.7333333333333334,phone,phone,0.0,0.0,0.0,RELATIVE_UNVALIDATED_IDENTITY,moving_measured
41,2.7333333333333334,water-bottle,phone,-0.3953102736730484,-0.13827174993470032,4.502711296081543,RELATIVE_UNVALIDATED_IDENTITY,moving_measured
41,2.7333333333333334,moisturizer,phone,0.08101061475103444,0.06222627991652474,1.0038251876831055,RELATIVE_UNVALIDATED_IDENTITY,moving_measured
42,2.8,phone,phone,0.0,0.0,0.0,RELATIVE_UNVALIDATED_IDENTITY,moving_measured
42,2.8,water-bottle,phone,-0.38906971346148833,-0.12490060249419183,4.816892623901367,RELATIVE_UNVALIDATED_IDENTITY,moving_measured
42,2.8,moisturizer,phone,0.0819615776350533,0.06176755122071009,1.0158624649047852,RELATIVE_UNVALIDATED_IDENTITY,moving_measured
43,2.8666666666666667,phone,phone,0.0,0.0,0.0,RELATIVE_UNVALIDATED_IDENTITY,moving_measured
43,2.8666666666666667,water-bottle,phone,-0.3861480511713764,-0.11111991365333851,5.234402179718018,RELATIVE_UNVALIDATED_IDENTITY,moving_measured
43,2.8666666666666667,moisturizer,phone,0.08278707867605228,0.06113693266280229,1.0288310050964355,RELATIVE_UNVALIDATED_IDENTITY,moving_measured
44,2.933333333333333,phone,phone,0.0,0.0,0.0,RELATIVE_UNVALIDATED_IDENTITY,moving_measured
44,2.933333333333333,water-bottle,phone,-0.38099193585418845,-0.09794460828587542,5.710978984832764,RELATIVE_UNVALIDATED_IDENTITY,moving_measured
44,2.933333333333333,moisturizer,phone,0.08431483992199262,0.06107901135812421,1.0544071197509766,RELATIVE_UNVALIDATED_IDENTITY,moving_measured
45,3.0,phone,phone,0.0,0.0,0.0,RELATIVE_UNVALIDATED_IDENTITY,moving_measured
45,3.0,water-bottle,phone,-0.37556813786862636,-0.08483740426443004,5.895748138427734,RELATIVE_UNVALIDATED_IDENTITY,moving_measured
45,3.0,moisturizer,phone,0.08526485152099161,0.06100516148542523,1.065446376800537,RELATIVE_UNVALIDATED_IDENTITY,moving_measured
46,3.066666666666667,phone,phone,0.0,0.0,0.0,RELATIVE_UNVALIDATED_IDENTITY,moving_measured
46,3.066666666666667,water-bottle,phone,-0.36243096630491894,-0.07305963384256908,5.968822956085205,RELATIVE_UNVALIDATED_IDENTITY,moving_measured
46,3.066666666666667,moisturizer,phone,0.08635048419678182,0.06098711540945567,1.1015005111694336,RELATIVE_UNVALIDATED_IDENTITY,moving_measured
47,3.1333333333333333,phone,phone,0.0,0.0,0.0,RELATIVE_UNVALIDATED_IDENTITY,moving_measured
47,3.1333333333333333,water-bottle,phone,-0.34302473626891816,-0.06123453720798022,5.762988567352295,RELATIVE_UNVALIDATED_IDENTITY,moving_measured
47,3.1333333333333333,moisturizer,phone,0.08791464937057791,0.060785445529908944,1.1277027130126953,RELATIVE_UNVALIDATED_IDENTITY,moving_measured
48,3.2,phone,phone,0.0,0.0,0.0,RELATIVE_UNVALIDATED_IDENTITY,moving_measured
48,3.2,water-bottle,phone,-0.3235396606305734,-0.05078966260343498,5.149376392364502,RELATIVE_UNVALIDATED_IDENTITY,moving_measured
48,3.2,moisturizer,phone,0.09170152740190263,0.060245453187747544,1.1475024223327637,RELATIVE_UNVALIDATED_IDENTITY,moving_measured
49,3.2666666666666666,phone,phone,0.0,0.0,0.0,RELATIVE_UNVALIDATED_IDENTITY,moving_measured
49,3.2666666666666666,water-bottle,phone,-0.3062697822683141,-0.040849888673364476,4.71995735168457,RELATIVE_UNVALIDATED_IDENTITY,moving_measured
49,3.2666666666666666,moisturizer,phone,0.09816533933876337,0.0603756137318634,1.159407615661621,RELATIVE_UNVALIDATED_IDENTITY,moving_measured
50,3.3333333333333335,phone,phone,0.0,0.0,0.0,RELATIVE_UNVALIDATED_IDENTITY,moving_measured
50,3.3333333333333335,water-bottle,phone,-0.29274293421072756,-0.03364219940039792,4.549167633056641,RELATIVE_UNVALIDATED_IDENTITY,moving_measured
50,3.3333333333333335,moisturizer,phone,0.10648377468541836,0.05993138739557691,1.1983628273010254,RELATIVE_UNVALIDATED_IDENTITY,moving_measured
51,3.4,phone,phone,0.0,0.0,0.0,RELATIVE_UNVALIDATED_IDENTITY,moving_measured
51,3.4,water-bottle,phone,-0.28358253070470996,-0.02802801920873066,4.40244722366333,RELATIVE_UNVALIDATED_IDENTITY,moving_measured
51,3.4,moisturizer,phone,0.11291745780859841,0.060051465457344855,1.1578760147094727,RELATIVE_UNVALIDATED_IDENTITY,moving_measured
52,3.466666666666667,phone,phone,0.0,0.0,0.0,RELATIVE_UNVALIDATED_IDENTITY,moving_measured
52,3.466666666666667,water-bottle,phone,-0.27631763638009027,-0.023763425293338192,4.3345537185668945,RELATIVE_UNVALIDATED_IDENTITY,moving_measured
52,3.466666666666667,moisturizer,phone,0.11987505537821919,0.058938621357796595,1.123487949371338,RELATIVE_UNVALIDATED_IDENTITY,moving_measured
53,3.533333333333333,phone,phone,0.0,0.0,0.0,RELATIVE_UNVALIDATED_IDENTITY,moving_measured
53,3.533333333333333,water-bottle,phone,-0.2731133010367816,-0.01996837652407435,4.173098087310791,RELATIVE_UNVALIDATED_IDENTITY,moving_measured
53,3.533333333333333,moisturizer,phone,0.12799998024895842,0.059376465626155284,1.0678081512451172,RELATIVE_UNVALIDATED_IDENTITY,moving_measured
54,3.6,phone,phone,0.0,0.0,0.0,RELATIVE_UNVALIDATED_IDENTITY,moving_measured
54,3.6,water-bottle,phone,-0.27005857321214716,-0.01698934650050543,4.210174560546875,RELATIVE_UNVALIDATED_IDENTITY,moving_measured
54,3.6,moisturizer,phone,0.13848520491242244,0.060065918165795096,1.0439767837524414,RELATIVE_UNVALIDATED_IDENTITY,moving_measured
55,3.6666666666666665,phone,phone,0.0,0.0,0.0,RELATIVE_UNVALIDATED_IDENTITY,moving_measured
55,3.6666666666666665,water-bottle,phone,-0.26999063413762237,-0.015393397512093787,4.175414085388184,RELATIVE_UNVALIDATED_IDENTITY,moving_measured
55,3.6666666666666665,moisturizer,phone,0.14897142942957542,0.060032573461745065,1.0167336463928223,RELATIVE_UNVALIDATED_IDENTITY,moving_measured
56,3.7333333333333334,phone,phone,0.0,0.0,0.0,RELATIVE_UNVALIDATED_IDENTITY,moving_measured
56,3.7333333333333334,water-bottle,phone,-0.27020281634170246,-0.015209921757883493,4.130859851837158,RELATIVE_UNVALIDATED_IDENTITY,moving_measured
56,3.7333333333333334,moisturizer,phone,0.1584328557544269,0.0602460063051129,0.9960713386535645,RELATIVE_UNVALIDATED_IDENTITY,moving_measured
57,3.8,phone,phone,0.0,0.0,0.0,RELATIVE_UNVALIDATED_IDENTITY,moving_measured
57,3.8,water-bottle,phone,-0.27164314660007544,-0.015145711843702725,4.047521114349365,RELATIVE_UNVALIDATED_IDENTITY,moving_measured
57,3.8,moisturizer,phone,0.16975124759908866,0.05935242133343288,0.9141411781311035,RELATIVE_UNVALIDATED_IDENTITY,moving_measured
58,3.8666666666666667,phone,phone,0.0,0.0,0.0,RELATIVE_UNVALIDATED_IDENTITY,moving_measured
58,3.8666666666666667,water-bottle,phone,-0.27313972262129566,-0.015397734867879431,4.051007270812988,RELATIVE_UNVALIDATED_IDENTITY,moving_measured
58,3.8666666666666667,moisturizer,phone,0.17999632470806182,0.058850156726477865,0.860562801361084,RELATIVE_UNVALIDATED_IDENTITY,moving_measured
59,3.933333333333333,phone,phone,0.0,0.0,0.0,RELATIVE_UNVALIDATED_IDENTITY,moving_measured
59,3.933333333333333,water-bottle,phone,-0.27468724173827025,-0.015601146380185393,4.014514446258545,RELATIVE_UNVALIDATED_IDENTITY,moving_measured
59,3.933333333333333,moisturizer,phone,0.18801212014754298,0.0566943448899615,0.790926456451416,RELATIVE_UNVALIDATED_IDENTITY,moving_measured
60,4.0,phone,phone,0.0,0.0,0.0,RELATIVE_UNVALIDATED_IDENTITY,moving_measured
60,4.0,water-bottle,phone,-0.273568463656815,-0.015994758398771514,3.9414114952087402,RELATIVE_UNVALIDATED_IDENTITY,moving_measured
60,4.0,moisturizer,phone,0.1941186097590668,0.05505091942580154,0.7385349273681641,RELATIVE_UNVALIDATED_IDENTITY,moving_measured
61,4.066666666666666,phone,phone,0.0,0.0,0.0,RELATIVE_UNVALIDATED_IDENTITY,moving_measured
61,4.066666666666666,water-bottle,phone,-0.2708368739171952,-0.015960327143265007,3.8145127296447754,RELATIVE_UNVALIDATED_IDENTITY,moving_measured
61,4.066666666666666,moisturizer,phone,0.20371225162737905,0.05422807267453855,0.6860923767089844,RELATIVE_UNVALIDATED_IDENTITY,moving_measured
62,4.133333333333334,phone,phone,0.0,0.0,0.0,RELATIVE_UNVALIDATED_IDENTITY,moving_measured
62,4.133333333333334,water-bottle,phone,-0.2688745242944789,-0.015404756796609353,3.6993236541748047,RELATIVE_UNVALIDATED_IDENTITY,moving_measured
62,4.133333333333334,moisturizer,phone,0.21466739130994228,0.05424344109117918,0.5983309745788574,RELATIVE_UNVALIDATED_IDENTITY,moving_measured
63,4.2,phone,phone,0.0,0.0,0.0,RELATIVE_UNVALIDATED_IDENTITY,moving_measured
63,4.2,water-bottle,phone,-0.26945319813683427,-0.014833182676306178,3.7450218200683594,RELATIVE_UNVALIDATED_IDENTITY,moving_measured
63,4.2,moisturizer,phone,0.22505226565983827,0.05488654958636252,0.5606012344360352,RELATIVE_UNVALIDATED_IDENTITY,moving_measured
64,4.266666666666667,phone,phone,0.0,0.0,0.0,RELATIVE_UNVALIDATED_IDENTITY,moving_measured
64,4.266666666666667,water-bottle,phone,-0.2732278240079786,-0.014991629531631911,3.224358558654785,RELATIVE_UNVALIDATED_IDENTITY,moving_measured
64,4.266666666666667,moisturizer,phone,0.2335755055450539,0.055926749026735,0.4919581413269043,RELATIVE_UNVALIDATED_IDENTITY,moving_measured
65,4.333333333333333,phone,phone,0.0,0.0,0.0,RELATIVE_UNVALIDATED_IDENTITY,moving_measured
65,4.333333333333333,water-bottle,phone,-0.27647525937498674,-0.016746615758472028,3.241466522216797,RELATIVE_UNVALIDATED_IDENTITY,moving_measured
65,4.333333333333333,moisturizer,phone,0.24173150764099782,0.056979327211100106,0.462435245513916,RELATIVE_UNVALIDATED_IDENTITY,moving_measured
66,4.4,phone,phone,0.0,0.0,0.0,RELATIVE_UNVALIDATED_IDENTITY,moving_measured
66,4.4,water-bottle,phone,-0.2795538353212466,-0.019427392311889835,3.1977691650390625,RELATIVE_UNVALIDATED_IDENTITY,moving_measured
66,4.4,moisturizer,phone,0.2479439655141349,0.05624468002395633,0.4783792495727539,RELATIVE_UNVALIDATED_IDENTITY,moving_measured
67,4.466666666666667,phone,phone,0.0,0.0,0.0,RELATIVE_UNVALIDATED_IDENTITY,moving_measured
67,4.466666666666667,water-bottle,phone,-0.2795267375180734,-0.022042222770221942,3.2303972244262695,RELATIVE_UNVALIDATED_IDENTITY,moving_measured
67,4.466666666666667,moisturizer,phone,0.25461305041871996,0.056317610778010896,0.4824352264404297,RELATIVE_UNVALIDATED_IDENTITY,moving_measured
68,4.533333333333333,phone,phone,0.0,0.0,0.0,RELATIVE_UNVALIDATED_IDENTITY,moving_measured
68,4.533333333333333,water-bottle,phone,-0.27914014740284093,-0.023509184770910796,3.0939712524414062,RELATIVE_UNVALIDATED_IDENTITY,moving_measured
68,4.533333333333333,moisturizer,phone,0.26066298969101975,0.05595080411884201,0.4742774963378906,RELATIVE_UNVALIDATED_IDENTITY,moving_measured
69,4.6,phone,phone,0.0,0.0,0.0,RELATIVE_UNVALIDATED_IDENTITY,moving_measured
69,4.6,water-bottle,phone,-0.27997150327409526,-0.02464042770720365,3.059781074523926,RELATIVE_UNVALIDATED_IDENTITY,moving_measured
69,4.6,moisturizer,phone,0.2707644300715416,0.05709577542685751,0.44371700286865234,RELATIVE_UNVALIDATED_IDENTITY,moving_measured
70,4.666666666666667,phone,phone,0.0,0.0,0.0,RELATIVE_UNVALIDATED_IDENTITY,moving_measured
70,4.666666666666667,water-bottle,phone,-0.28194561206230645,-0.025811215326659753,3.1250686645507812,RELATIVE_UNVALIDATED_IDENTITY,moving_measured
70,4.666666666666667,moisturizer,phone,0.27846668598802526,0.05747333026920709,0.42399024963378906,RELATIVE_UNVALIDATED_IDENTITY,moving_measured
71,4.733333333333333,phone,phone,0.0,0.0,0.0,RELATIVE_UNVALIDATED_IDENTITY,moving_measured
71,4.733333333333333,water-bottle,phone,-0.2856351871074175,-0.02643336861642709,3.0806589126586914,RELATIVE_UNVALIDATED_IDENTITY,moving_measured
71,4.733333333333333,moisturizer,phone,0.2854578541840592,0.056809435590977175,0.3975672721862793,RELATIVE_UNVALIDATED_IDENTITY,moving_measured
72,4.8,phone,phone,0.0,0.0,0.0,RELATIVE_UNVALIDATED_IDENTITY,moving_measured
72,4.8,water-bottle,phone,-0.2866870423060183,-0.0264412534489874,3.180290699005127,RELATIVE_UNVALIDATED_IDENTITY,moving_measured
72,4.8,moisturizer,phone,0.2898974668026548,0.05646952533641503,0.3500704765319824,RELATIVE_UNVALIDATED_IDENTITY,moving_measured
73,4.866666666666666,phone,phone,0.0,0.0,0.0,RELATIVE_UNVALIDATED_IDENTITY,moving_measured
73,4.866666666666666,water-bottle,phone,-0.2883956608056609,-0.02550016705926539,3.1624927520751953,RELATIVE_UNVALIDATED_IDENTITY,moving_measured
73,4.866666666666666,moisturizer,phone,0.29296995246160273,0.0562129634609152,0.33425426483154297,RELATIVE_UNVALIDATED_IDENTITY,moving_measured
74,4.933333333333334,phone,phone,0.0,0.0,0.0,RELATIVE_UNVALIDATED_IDENTITY,moving_measured
74,4.933333333333334,water-bottle,phone,-0.28824896485505924,-0.02477768505666811,3.160257339477539,RELATIVE_UNVALIDATED_IDENTITY,moving_measured
74,4.933333333333334,moisturizer,phone,0.29604915727257464,0.056789107141327566,0.2839794158935547,RELATIVE_UNVALIDATED_IDENTITY,moving_measured
75,5.0,phone,phone,0.0,0.0,0.0,RELATIVE_UNVALIDATED_IDENTITY,moving_measured
75,5.0,water-bottle,phone,-0.28814428046748325,-0.023626022999812424,3.150270462036133,RELATIVE_UNVALIDATED_IDENTITY,moving_measured
75,5.0,moisturizer,phone,0.29797388218085896,0.05633265207750371,0.2739677429199219,RELATIVE_UNVALIDATED_IDENTITY,moving_measured
76,5.066666666666666,phone,phone,0.0,0.0,0.0,RELATIVE_UNVALIDATED_IDENTITY,moving_measured
76,5.066666666666666,water-bottle,phone,-0.28830451749625247,-0.022419213695118456,3.1110877990722656,RELATIVE_UNVALIDATED_IDENTITY,moving_measured
76,5.066666666666666,moisturizer,phone,0.29938491405796563,0.0553337187473687,0.24099349975585938,RELATIVE_UNVALIDATED_IDENTITY,moving_measured
77,5.133333333333334,phone,phone,0.0,0.0,0.0,RELATIVE_UNVALIDATED_IDENTITY,moving_measured
77,5.133333333333334,water-bottle,phone,-0.28860603756486414,-0.021258639157411108,3.1128273010253906,RELATIVE_UNVALIDATED_IDENTITY,moving_measured
77,5.133333333333334,moisturizer,phone,0.30073598745961383,0.053387909982682724,0.19940471649169922,RELATIVE_UNVALIDATED_IDENTITY,moving_measured
78,5.2,phone,phone,0.0,0.0,0.0,RELATIVE_UNVALIDATED_IDENTITY,moving_measured
78,5.2,water-bottle,phone,-0.28915373438694614,-0.020238200413472685,3.157156467437744,RELATIVE_UNVALIDATED_IDENTITY,moving_measured
78,5.2,moisturizer,phone,0.3033110063911174,0.052391475905620655,0.19789361953735352,RELATIVE_UNVALIDATED_IDENTITY,moving_measured
79,5.266666666666667,phone,phone,0.0,0.0,0.0,RELATIVE_UNVALIDATED_IDENTITY,moving_measured
79,5.266666666666667,water-bottle,phone,-0.2884115352055051,-0.019801677644604943,3.142037868499756,RELATIVE_UNVALIDATED_IDENTITY,moving_measured
79,5.266666666666667,moisturizer,phone,0.305706839701246,0.051084769914763184,0.20806217193603516,RELATIVE_UNVALIDATED_IDENTITY,moving_measured
80,5.333333333333333,phone,phone,0.0,0.0,0.0,RELATIVE_UNVALIDATED_IDENTITY,moving_measured
80,5.333333333333333,water-bottle,phone,-0.2869756770508721,-0.02001124335584914,3.075129985809326,RELATIVE_UNVALIDATED_IDENTITY,moving_measured
80,5.333333333333333,moisturizer,phone,0.30741806232758084,0.050792939804504056,0.21791982650756836,RELATIVE_UNVALIDATED_IDENTITY,moving_measured
81,5.4,phone,phone,0.0,0.0,0.0,RELATIVE_UNVALIDATED_IDENTITY,moving_measured
81,5.4,water-bottle,phone,-0.2874142547254914,-0.020400178225730703,3.019106388092041,RELATIVE_UNVALIDATED_IDENTITY,moving_measured
81,5.4,moisturizer,phone,0.30696042474251684,0.05011505537280159,0.21715593338012695,RELATIVE_UNVALIDATED_IDENTITY,moving_measured
82,5.466666666666667,phone,phone,0.0,0.0,0.0,RELATIVE_UNVALIDATED_IDENTITY,moving_measured
82,5.466666666666667,water-bottle,phone,-0.2877837707141614,-0.020648586191733376,3.075272560119629,RELATIVE_UNVALIDATED_IDENTITY,moving_measured
82,5.466666666666667,moisturizer,phone,0.30624997473917337,0.04976894175668012,0.22347164154052734,RELATIVE_UNVALIDATED_IDENTITY,moving_measured
83,5.533333333333333,phone,phone,0.0,0.0,0.0,RELATIVE_UNVALIDATED_IDENTITY,moving_measured
83,5.533333333333333,water-bottle,phone,-0.288724811564159,-0.019678615817822487,2.9677977561950684,RELATIVE_UNVALIDATED_IDENTITY,moving_measured
83,5.533333333333333,moisturizer,phone,0.3061324956983742,0.049536610073794174,0.2017989158630371,RELATIVE_UNVALIDATED_IDENTITY,moving_measured
84,5.6,phone,phone,0.0,0.0,0.0,RELATIVE_UNVALIDATED_IDENTITY,moving_measured
84,5.6,water-bottle,phone,-0.286826536008402,-0.01782885405925494,2.9549922943115234,RELATIVE_UNVALIDATED_IDENTITY,moving_measured
84,5.6,moisturizer,phone,0.30637032933617425,0.04943667401421059,0.1711893081665039,RELATIVE_UNVALIDATED_IDENTITY,moving_measured
85,5.666666666666667,phone,phone,0.0,0.0,0.0,RELATIVE_UNVALIDATED_IDENTITY,moving_measured
85,5.666666666666667,water-bottle,phone,-0.2849725103981144,-0.015149267246328368,2.9428505897521973,RELATIVE_UNVALIDATED_IDENTITY,moving_measured
85,5.666666666666667,moisturizer,phone,0.3067586917267442,0.04912839462788643,0.1777958869934082,RELATIVE_UNVALIDATED_IDENTITY,moving_measured
86,5.733333333333333,phone,phone,0.0,0.0,0.0,RELATIVE_UNVALIDATED_IDENTITY,moving_measured
86,5.733333333333333,water-bottle,phone,-0.2815657203974815,-0.013133733882348175,2.863753318786621,RELATIVE_UNVALIDATED_IDENTITY,moving_measured
86,5.733333333333333,moisturizer,phone,0.3061986722401593,0.04857074159549457,0.1661539077758789,RELATIVE_UNVALIDATED_IDENTITY,moving_measured
87,5.8,phone,phone,0.0,0.0,0.0,RELATIVE_UNVALIDATED_IDENTITY,moving_measured
87,5.8,water-bottle,phone,-0.2760515601248621,-0.011399953236984173,2.8263683319091797,RELATIVE_UNVALIDATED_IDENTITY,moving_measured
87,5.8,moisturizer,phone,0.3061215256144242,0.04765897570672195,0.16345977783203125,RELATIVE_UNVALIDATED_IDENTITY,moving_measured
88,5.866666666666666,phone,phone,0.0,0.0,0.0,RELATIVE_UNVALIDATED_IDENTITY,moving_measured
88,5.866666666666666,water-bottle,phone,-0.2702268923116903,-0.010439881725383682,2.7188897132873535,RELATIVE_UNVALIDATED_IDENTITY,moving_measured
88,5.866666666666666,moisturizer,phone,0.30572955479717157,0.046992412465588385,0.14732694625854492,RELATIVE_UNVALIDATED_IDENTITY,moving_measured
89,5.933333333333334,phone,phone,0.0,0.0,0.0,RELATIVE_UNVALIDATED_IDENTITY,moving_measured
89,5.933333333333334,water-bottle,phone,-0.2646257894165974,-0.009429483533953453,2.675525665283203,RELATIVE_UNVALIDATED_IDENTITY,moving_measured
89,5.933333333333334,moisturizer,phone,0.3055862318799465,0.04658195002631493,0.17562198638916016,RELATIVE_UNVALIDATED_IDENTITY,moving_measured
90,6.0,phone,phone,0.0,0.0,0.0,RELATIVE_UNVALIDATED_IDENTITY,moving_measured
90,6.0,water-bottle,phone,-0.2590705843417076,-0.009019415095689376,2.585874080657959,RELATIVE_UNVALIDATED_IDENTITY,moving_measured
90,6.0,moisturizer,phone,0.3045925033576705,0.04634545431991777,0.2057356834411621,RELATIVE_UNVALIDATED_IDENTITY,moving_measured
91,6.066666666666666,phone,phone,0.0,0.0,0.0,RELATIVE_UNVALIDATED_IDENTITY,moving_measured
91,6.066666666666666,water-bottle,phone,-0.25347485174308654,-0.008094759606850577,2.401949882507324,RELATIVE_UNVALIDATED_IDENTITY,moving_measured
91,6.066666666666666,moisturizer,phone,0.3040388408946836,0.04641312478956339,0.24272394180297852,RELATIVE_UNVALIDATED_IDENTITY,moving_measured
92,6.133333333333334,phone,phone,0.0,0.0,0.0,RELATIVE_UNVALIDATED_IDENTITY,moving_measured
92,6.133333333333334,water-bottle,phone,-0.2468036827992668,-0.007481226031469168,2.29947566986084,RELATIVE_UNVALIDATED_IDENTITY,moving_measured
92,6.133333333333334,moisturizer,phone,0.30308245210182205,0.046089585636699404,0.24956607818603516,RELATIVE_UNVALIDATED_IDENTITY,moving_measured
93,6.2,phone,phone,0.0,0.0,0.0,RELATIVE_UNVALIDATED_IDENTITY,moving_measured
93,6.2,water-bottle,phone,-0.2394757854858593,-0.006825018907060776,2.155512809753418,RELATIVE_UNVALIDATED_IDENTITY,moving_measured
93,6.2,moisturizer,phone,0.3033285649676978,0.04582386641142411,0.30899572372436523,RELATIVE_UNVALIDATED_IDENTITY,moving_measured
94,6.266666666666667,phone,phone,0.0,0.0,0.0,RELATIVE_UNVALIDATED_IDENTITY,moving_measured
94,6.266666666666667,water-bottle,phone,-0.1813953220326865,-0.01371767043119465,2.0225534439086914,RELATIVE_UNVALIDATED_IDENTITY,moving_measured
94,6.266666666666667,moisturizer,phone,0.3029021002606025,0.04581588804184211,0.4132370948791504,RELATIVE_UNVALIDATED_IDENTITY,moving_measured
95,6.333333333333333,phone,phone,0.0,0.0,0.0,RELATIVE_UNVALIDATED_IDENTITY,moving_measured
95,6.333333333333333,water-bottle,phone,-0.12146847634318747,-0.022291495129849737,0.6242475509643555,RELATIVE_UNVALIDATED_IDENTITY,moving_measured
95,6.333333333333333,moisturizer,phone,0.3041998373876508,0.046615234707366726,0.473081111907959,RELATIVE_UNVALIDATED_IDENTITY,moving_measured
96,6.4,phone,phone,0.0,0.0,0.0,RELATIVE_UNVALIDATED_IDENTITY,moving_measured
96,6.4,water-bottle,phone,-0.06392055241951489,-0.031095878206233496,0.554628849029541,RELATIVE_UNVALIDATED_IDENTITY,moving_measured
96,6.4,moisturizer,phone,0.3037472905543459,0.04959482438794072,0.5584006309509277,RELATIVE_UNVALIDATED_IDENTITY,moving_measured
97,6.466666666666667,phone,phone,0.0,0.0,0.0,RELATIVE_UNVALIDATED_IDENTITY,moving_measured
97,6.466666666666667,water-bottle,phone,-0.10727112104094105,-0.02493729730670813,0.4930243492126465,RELATIVE_UNVALIDATED_IDENTITY,moving_measured
97,6.466666666666667,moisturizer,phone,0.3031004474087614,0.051616422842390985,0.6431283950805664,RELATIVE_UNVALIDATED_IDENTITY,moving_measured
98,6.533333333333333,phone,phone,0.0,0.0,0.0,RELATIVE_UNVALIDATED_IDENTITY,moving_measured
98,6.533333333333333,water-bottle,phone,-0.15557902325267536,-0.02069224466661157,1.5899930000305176,RELATIVE_UNVALIDATED_IDENTITY,moving_measured
98,6.533333333333333,moisturizer,phone,0.30129392363229235,0.04964651124326669,0.6924319267272949,RELATIVE_UNVALIDATED_IDENTITY,moving_measured
99,6.6,phone,phone,0.0,0.0,0.0,RELATIVE_UNVALIDATED_IDENTITY,moving_measured
99,6.6,water-bottle,phone,-0.15792124167386035,-0.024315011686774524,1.8137612342834473,RELATIVE_UNVALIDATED_IDENTITY,moving_measured
99,6.6,moisturizer,phone,0.3000858381495234,0.045870815517988994,0.9399261474609375,RELATIVE_UNVALIDATED_IDENTITY,moving_measured
100,6.666666666666667,phone,phone,0.0,0.0,0.0,RELATIVE_UNVALIDATED_IDENTITY,moving_measured
100,6.666666666666667,water-bottle,phone,-0.11128361217687854,-0.03555380921610818,0.6440510749816895,RELATIVE_UNVALIDATED_IDENTITY,moving_measured
100,6.666666666666667,moisturizer,phone,0.30001726549368357,0.04277427395996736,0.9906916618347168,RELATIVE_UNVALIDATED_IDENTITY,moving_measured
101,6.733333333333333,phone,phone,0.0,0.0,0.0,RELATIVE_UNVALIDATED_IDENTITY,moving_measured
101,6.733333333333333,water-bottle,phone,-0.06447308832893384,-0.04271944071166833,0.6595048904418945,RELATIVE_UNVALIDATED_IDENTITY,moving_measured
101,6.733333333333333,moisturizer,phone,0.3003931803730333,0.043973398887551696,1.0465116500854492,RELATIVE_UNVALIDATED_IDENTITY,moving_measured
102,6.8,phone,phone,0.0,0.0,0.0,RELATIVE_UNVALIDATED_IDENTITY,moving_measured
102,6.8,water-bottle,phone,-0.06800411665449335,-0.04052649752177506,0.6491537094116211,RELATIVE_UNVALIDATED_IDENTITY,moving_measured
102,6.8,moisturizer,phone,0.3009668412457611,0.0448557354480551,1.0699424743652344,RELATIVE_UNVALIDATED_IDENTITY,moving_measured
103,6.866666666666666,phone,phone,0.0,0.0,0.0,RELATIVE_UNVALIDATED_IDENTITY,moving_measured
103,6.866666666666666,water-bottle,phone,-0.07120311845693938,-0.039177434495382135,0.6689252853393555,RELATIVE_UNVALIDATED_IDENTITY,moving_measured
103,6.866666666666666,moisturizer,phone,0.3011515990268776,0.04561012874795445,1.0881409645080566,RELATIVE_UNVALIDATED_IDENTITY,moving_measured
104,6.933333333333334,phone,phone,0.0,0.0,0.0,RELATIVE_UNVALIDATED_IDENTITY,moving_measured
104,6.933333333333334,water-bottle,phone,-0.07228776570621709,-0.038420185310946264,0.6436014175415039,RELATIVE_UNVALIDATED_IDENTITY,moving_measured
104,6.933333333333334,moisturizer,phone,0.30117281785980354,0.04579299711571527,1.0975046157836914,RELATIVE_UNVALIDATED_IDENTITY,moving_measured
105,7.0,phone,phone,0.0,0.0,0.0,RELATIVE_UNVALIDATED_IDENTITY,moving_measured
105,7.0,water-bottle,phone,-0.07087497345977001,-0.038276478597378705,0.6103992462158203,RELATIVE_UNVALIDATED_IDENTITY,moving_measured
105,7.0,moisturizer,phone,0.3011160385754902,0.04584256821555632,1.1252093315124512,RELATIVE_UNVALIDATED_IDENTITY,moving_measured
106,7.066666666666666,phone,phone,0.0,0.0,0.0,RELATIVE_UNVALIDATED_IDENTITY,moving_measured
106,7.066666666666666,water-bottle,phone,-0.07027501497050503,-0.03723493447111048,0.6031112670898438,RELATIVE_UNVALIDATED_IDENTITY,moving_measured
106,7.066666666666666,moisturizer,phone,0.3007897294259271,0.045813541272771485,1.1119155883789062,RELATIVE_UNVALIDATED_IDENTITY,moving_measured
107,7.133333333333334,phone,phone,0.0,0.0,0.0,RELATIVE_UNVALIDATED_IDENTITY,moving_measured
107,7.133333333333334,water-bottle,phone,-0.07026715759368096,-0.03505442107219292,0.5658020973205566,RELATIVE_UNVALIDATED_IDENTITY,moving_measured
107,7.133333333333334,moisturizer,phone,0.300010701620289,0.045682647679626265,1.1287717819213867,RELATIVE_UNVALIDATED_IDENTITY,moving_measured
108,7.2,phone,phone,0.0,0.0,0.0,RELATIVE_UNVALIDATED_IDENTITY,moving_measured
108,7.2,water-bottle,phone,-0.06730688861236911,-0.033090800751947036,0.4783439636230469,RELATIVE_UNVALIDATED_IDENTITY,moving_measured
108,7.2,moisturizer,phone,0.2996220252214502,0.045237898424888345,1.078244686126709,RELATIVE_UNVALIDATED_IDENTITY,moving_measured
109,7.266666666666667,phone,phone,0.0,0.0,0.0,RELATIVE_UNVALIDATED_IDENTITY,moving_measured
109,7.266666666666667,water-bottle,phone,-0.061818242227134834,-0.030644102437559884,0.31365537643432617,RELATIVE_UNVALIDATED_IDENTITY,moving_measured
109,7.266666666666667,moisturizer,phone,0.2992038045795701,0.04420570606417085,1.0036649703979492,RELATIVE_UNVALIDATED_IDENTITY,moving_measured
110,7.333333333333333,phone,phone,0.0,0.0,0.0,RELATIVE_UNVALIDATED_IDENTITY,moving_measured
110,7.333333333333333,water-bottle,phone,-0.05539213063973336,-0.028582981583534006,0.20291757583618164,RELATIVE_UNVALIDATED_IDENTITY,moving_measured
110,7.333333333333333,moisturizer,phone,0.2989084261532986,0.04304443516825007,0.8649215698242188,RELATIVE_UNVALIDATED_IDENTITY,moving_measured
111,7.4,phone,phone,0.0,0.0,0.0,RELATIVE_UNVALIDATED_IDENTITY,moving_measured
111,7.4,water-bottle,phone,-0.05064602839240384,-0.026181018684412694,0.09624576568603516,RELATIVE_UNVALIDATED_IDENTITY,moving_measured
111,7.4,moisturizer,phone,0.2988299008910539,0.04199868925856054,0.7613825798034668,RELATIVE_UNVALIDATED_IDENTITY,moving_measured
112,7.466666666666667,phone,phone,0.0,0.0,0.0,RELATIVE_UNVALIDATED_IDENTITY,moving_measured
112,7.466666666666667,water-bottle,phone,-0.04508928476344387,-0.023341886710765092,0.043602943420410156,RELATIVE_UNVALIDATED_IDENTITY,moving_measured
112,7.466666666666667,moisturizer,phone,0.29922245913080636,0.03897233545986323,0.6948986053466797,RELATIVE_UNVALIDATED_IDENTITY,moving_measured
113,7.533333333333333,phone,phone,0.0,0.0,0.0,RELATIVE_UNVALIDATED_IDENTITY,moving_measured
113,7.533333333333333,water-bottle,phone,-0.03929620584600635,-0.020358726639492786,0.020211219787597656,RELATIVE_UNVALIDATED_IDENTITY,moving_measured
113,7.533333333333333,moisturizer,phone,0.30031249037113306,0.036649131782547695,0.6538476943969727,RELATIVE_UNVALIDATED_IDENTITY,moving_measured
114,7.6,phone,phone,0.0,0.0,0.0,RELATIVE_UNVALIDATED_IDENTITY,moving_measured
114,7.6,water-bottle,phone,-0.03509250538152231,-0.017909784022746345,0.018884658813476562,RELATIVE_UNVALIDATED_IDENTITY,moving_measured
114,7.6,moisturizer,phone,0.30105973046251633,0.03506366838859498,0.7030887603759766,RELATIVE_UNVALIDATED_IDENTITY,moving_measured
115,7.666666666666667,phone,phone,0.0,0.0,0.0,RELATIVE_UNVALIDATED_IDENTITY,moving_measured
115,7.666666666666667,water-bottle,phone,-0.03420480520893887,-0.016758921559578033,-0.002048492431640625,RELATIVE_UNVALIDATED_IDENTITY,moving_measured
115,7.666666666666667,moisturizer,phone,0.30168416642069007,0.03600971027453903,0.7231922149658203,RELATIVE_UNVALIDATED_IDENTITY,moving_measured
116,7.733333333333333,phone,phone,0.0,0.0,0.0,RELATIVE_UNVALIDATED_IDENTITY,moving_measured
116,7.733333333333333,water-bottle,phone,-0.03652231585357102,-0.016043944080757044,-0.012236595153808594,RELATIVE_UNVALIDATED_IDENTITY,moving_measured
116,7.733333333333333,moisturizer,phone,0.3014294235224678,0.036311914482140106,0.7475051879882812,RELATIVE_UNVALIDATED_IDENTITY,moving_measured
117,7.8,phone,phone,0.0,0.0,0.0,RELATIVE_UNVALIDATED_IDENTITY,moving_measured
117,7.8,water-bottle,phone,-0.03817711637745813,-0.015756113597311328,-0.013035774230957031,RELATIVE_UNVALIDATED_IDENTITY,moving_measured
117,7.8,moisturizer,phone,0.30166009625287227,0.03645632212747907,0.7574734687805176,RELATIVE_UNVALIDATED_IDENTITY,moving_measured
118,7.866666666666666,phone,phone,0.0,0.0,0.0,RELATIVE_UNVALIDATED_IDENTITY,moving_measured
118,7.866666666666666,water-bottle,phone,-0.04402901261738568,-0.0146159222767136,-0.010571956634521484,RELATIVE_UNVALIDATED_IDENTITY,moving_measured
118,7.866666666666666,moisturizer,phone,0.3018815733884138,0.036674739558772984,0.7496399879455566,RELATIVE_UNVALIDATED_IDENTITY,moving_measured
119,7.933333333333334,phone,phone,0.0,0.0,0.0,RELATIVE_UNVALIDATED_IDENTITY,moving_measured
119,7.933333333333334,water-bottle,phone,-0.04930550557132107,-0.01369839911962123,0.007943153381347656,RELATIVE_UNVALIDATED_IDENTITY,moving_measured
119,7.933333333333334,moisturizer,phone,0.3017412196444381,0.03722257811220986,0.7567305564880371,RELATIVE_UNVALIDATED_IDENTITY,moving_measured
120,8.0,phone,phone,0.0,0.0,0.0,RELATIVE_UNVALIDATED_IDENTITY,moving_measured
120,8.0,water-bottle,phone,-0.0553886290726624,-0.012793232436546065,0.0013256072998046875,RELATIVE_UNVALIDATED_IDENTITY,moving_measured
120,8.0,moisturizer,phone,0.3014615724743275,0.03757798380297872,0.8104329109191895,RELATIVE_UNVALIDATED_IDENTITY,moving_measured
121,8.066666666666666,phone,phone,0.0,0.0,0.0,RELATIVE_UNVALIDATED_IDENTITY,moving_measured
121,8.066666666666666,water-bottle,phone,-0.05631441397421588,-0.012747025048767457,0.015200614929199219,RELATIVE_UNVALIDATED_IDENTITY,moving_measured
121,8.066666666666666,moisturizer,phone,0.3017577803020107,0.037953500406261886,0.8396172523498535,RELATIVE_UNVALIDATED_IDENTITY,moving_measured
122,8.133333333333333,phone,phone,0.0,0.0,0.0,RELATIVE_UNVALIDATED_IDENTITY,moving_measured
122,8.133333333333333,water-bottle,phone,-0.05777552657817764,-0.012725130853969424,-0.0029311180114746094,RELATIVE_UNVALIDATED_IDENTITY,moving_measured
122,8.133333333333333,moisturizer,phone,0.30162271179625444,0.03851565651306654,0.8313684463500977,RELATIVE_UNVALIDATED_IDENTITY,moving_measured
123,8.2,phone,phone,0.0,0.0,0.0,RELATIVE_UNVALIDATED_IDENTITY,moving_measured
123,8.2,water-bottle,phone,-0.06037122877266943,-0.012057524414869847,0.00035190582275390625,RELATIVE_UNVALIDATED_IDENTITY,moving_measured
123,8.2,moisturizer,phone,0.30005030496528184,0.0397815092574586,0.843529224395752,RELATIVE_UNVALIDATED_IDENTITY,moving_measured
124,8.266666666666667,phone,phone,0.0,0.0,0.0,RELATIVE_UNVALIDATED_IDENTITY,moving_measured
124,8.266666666666667,water-bottle,phone,-0.06403996159549719,-0.011276641096690021,-0.01561117172241211,RELATIVE_UNVALIDATED_IDENTITY,moving_measured
124,8.266666666666667,moisturizer,phone,0.29745158967055485,0.040752180769409674,0.8097190856933594,RELATIVE_UNVALIDATED_IDENTITY,moving_measured
125,8.333333333333334,phone,phone,0.0,0.0,0.0,RELATIVE_UNVALIDATED_IDENTITY,moving_measured
125,8.333333333333334,water-bottle,phone,-0.06625776091958957,-0.010617023552028093,-0.012054920196533203,RELATIVE_UNVALIDATED_IDENTITY,moving_measured
125,8.333333333333334,moisturizer,phone,0.2958242726349102,0.04096459243303707,0.8049583435058594,RELATIVE_UNVALIDATED_IDENTITY,moving_measured
126,8.4,phone,phone,0.0,0.0,0.0,RELATIVE_UNVALIDATED_IDENTITY,moving_measured
126,8.4,water-bottle,phone,-0.06707569305349437,-0.010693469533709088,-0.0018663406372070312,RELATIVE_UNVALIDATED_IDENTITY,moving_measured
126,8.4,moisturizer,phone,0.2956990428592319,0.0401961876738306,0.8516497611999512,RELATIVE_UNVALIDATED_IDENTITY,moving_measured
127,8.466666666666667,phone,phone,0.0,0.0,0.0,RELATIVE_UNVALIDATED_IDENTITY,moving_measured
127,8.466666666666667,water-bottle,phone,-0.06673709217810564,-0.010465372336550205,0.0075817108154296875,RELATIVE_UNVALIDATED_IDENTITY,moving_measured
127,8.466666666666667,moisturizer,phone,0.29607446338568444,0.03996476041861796,0.8878092765808105,RELATIVE_UNVALIDATED_IDENTITY,moving_measured
128,8.533333333333333,phone,phone,0.0,0.0,0.0,RELATIVE_UNVALIDATED_IDENTITY,moving_measured
128,8.533333333333333,water-bottle,phone,-0.06671409420859553,-0.009862151882512049,0.01856517791748047,RELATIVE_UNVALIDATED_IDENTITY,moving_measured
128,8.533333333333333,moisturizer,phone,0.2964967312001082,0.039985932971975835,1.0686321258544922,RELATIVE_UNVALIDATED_IDENTITY,moving_measured
129,8.6,phone,phone,0.0,0.0,0.0,RELATIVE_UNVALIDATED_IDENTITY,moving_measured
129,8.6,water-bottle,phone,-0.06678360739355982,-0.008545946274645444,0.01731252670288086,RELATIVE_UNVALIDATED_IDENTITY,moving_measured
129,8.6,moisturizer,phone,0.29675069563773304,0.040625779050266764,1.057173252105713,RELATIVE_UNVALIDATED_IDENTITY,moving_measured
130,8.666666666666666,phone,phone,0.0,0.0,0.0,RELATIVE_UNVALIDATED_IDENTITY,moving_measured
130,8.666666666666666,water-bottle,phone,-0.06770272372220498,-0.008126507489852997,0.0212249755859375,RELATIVE_UNVALIDATED_IDENTITY,moving_measured
130,8.666666666666666,moisturizer,phone,0.297053309943658,0.04065189869338193,1.0068979263305664,RELATIVE_UNVALIDATED_IDENTITY,moving_measured
131,8.733333333333333,phone,phone,0.0,0.0,0.0,RELATIVE_UNVALIDATED_IDENTITY,moving_measured
131,8.733333333333333,water-bottle,phone,-0.06807840015877131,-0.007621941804927923,0.0020422935485839844,RELATIVE_UNVALIDATED_IDENTITY,moving_measured
131,8.733333333333333,moisturizer,phone,0.2976130103469462,0.04111333942253215,0.8575382232666016,RELATIVE_UNVALIDATED_IDENTITY,moving_measured
132,8.8,phone,phone,0.0,0.0,0.0,RELATIVE_UNVALIDATED_IDENTITY,moving_measured
132,8.8,water-bottle,phone,-0.06801802652513267,-0.007665358466176775,0.014905452728271484,RELATIVE_UNVALIDATED_IDENTITY,moving_measured
132,8.8,moisturizer,phone,0.2993521778634164,0.041019422632531555,0.7786612510681152,RELATIVE_UNVALIDATED_IDENTITY,moving_measured
133,8.866666666666667,phone,phone,0.0,0.0,0.0,RELATIVE_UNVALIDATED_IDENTITY,moving_measured
133,8.866666666666667,water-bottle,phone,-0.06739556818247505,-0.007468397141066729,0.02299213409423828,RELATIVE_UNVALIDATED_IDENTITY,moving_measured
133,8.866666666666667,moisturizer,phone,0.3011025567835611,0.04110869264252115,0.7530403137207031,RELATIVE_UNVALIDATED_IDENTITY,moving_measured
134,8.933333333333334,phone,phone,0.0,0.0,0.0,RELATIVE_UNVALIDATED_IDENTITY,moving_measured
134,8.933333333333334,water-bottle,phone,-0.06786031232983802,-0.0076081248236336,0.015550613403320312,RELATIVE_UNVALIDATED_IDENTITY,moving_measured
134,8.933333333333334,moisturizer,phone,0.3022212985083914,0.040982100921116316,0.759192943572998,RELATIVE_UNVALIDATED_IDENTITY,moving_measured
135,9.0,phone,phone,0.0,0.0,0.0,RELATIVE_UNVALIDATED_IDENTITY,moving_measured
135,9.0,water-bottle,phone,-0.06811262286546371,-0.007639025091757401,0.019148826599121094,RELATIVE_UNVALIDATED_IDENTITY,moving_measured
135,9.0,moisturizer,phone,0.30136747436089983,0.04110489416335006,0.8020601272583008,RELATIVE_UNVALIDATED_IDENTITY,moving_measured
136,9.066666666666666,phone,phone,0.0,0.0,0.0,RELATIVE_UNVALIDATED_IDENTITY,moving_measured
136,9.066666666666666,water-bottle,phone,-0.06841009559494138,-0.006561831604614654,0.02138519287109375,RELATIVE_UNVALIDATED_IDENTITY,moving_measured
136,9.066666666666666,moisturizer,phone,0.3009370185571961,0.042020084303689975,0.8196825981140137,RELATIVE_UNVALIDATED_IDENTITY,moving_measured
137,9.133333333333333,phone,phone,0.0,0.0,0.0,RELATIVE_UNVALIDATED_IDENTITY,moving_measured
137,9.133333333333333,water-bottle,phone,-0.06823842746823283,-0.005950112651868289,0.03834104537963867,RELATIVE_UNVALIDATED_IDENTITY,moving_measured
137,9.133333333333333,moisturizer,phone,0.30048048810300076,0.04241553459877201,0.8606486320495605,RELATIVE_UNVALIDATED_IDENTITY,moving_measured
